<?xml version="1.0" encoding="UTF-8"?>
<configuration>
    <property>
        <name>tez.lib.uris</name>
        <value>${fs.defaultFS}/apps/tez/tez.tar.gz</value>
    </property>
    <property>
        <name>tez.use.cluster.hadoop-libs</name>
        <value>true</value>
    </property>
    <property>
        <name>tez.am.resource.memory.mb</name>
        <value>1024</value>
    </property>
    <property>
        <name>tez.task.resource.memory.mb</name>
        <value>1024</value>
    </property>
</configuration>